1.157996950833521943e+00,1.397570065929701455e+00,2.091008572185206305e+00,-2.453136232632298630e-01,-5.717876417758440688e+00,-8.230434403057733661e+00,1.610198459474463917e+01,2.051914330499164052e+01,-5.506876632959539775e-01,-1.809604745841314255e+00,2.701188958007296748e+01,-7.809487541296668001e-01
1.339693615043005881e+00,1.408254561082644907e+00,3.830643330554824200e+00,2.707182361460193309e+00,-9.126181933238573407e+00,-7.581052862156496985e+00,1.962506149567973424e+01,1.864906025298350301e+01,-3.575403721163261661e+00,-2.029049811695848415e+00,2.826501691866446819e+01,-5.874151358686347635e+00
7.077776086817526568e-01,1.404558470645531409e+00,2.100002184033814334e+00,8.034260174121312659e-01,-7.196654090587590424e+00,-7.992009791046037925e+00,1.530836330175415583e+01,2.141811368343561028e+01,-3.176433699373716113e+00,-5.507936492785113769e-01,2.629910182879639535e+01,-7.076548219047511523e+00
7.032391983389967294e-01,1.389738052867829143e+00,3.487309876562403765e+00,1.001275539751410371e+00,-9.131775757733940679e+00,-7.306720186128536021e+00,1.784032833605915513e+01,2.055956374052364666e+01,-3.015257016801652590e+00,-6.092803735699228174e-01,2.863497917621765509e+01,-4.205027548557933592e+00
6.978482403537422663e-01,1.404072570239312201e+00,4.877421595312918079e+00,2.895543572414629008e+00,-7.684898107502338149e+00,-6.304740844129073096e+00,1.670557985034369608e+01,2.068511729337559402e+01,-5.026963709692504167e+00,-1.388558652634209523e+00,2.564436574033670624e+01,-7.253919479166842876e+00
1.162635476083009545e+00,2.646598851536930752e+00,2.059760654684767545e+00,1.416976860496546919e+00,-6.699816404570963613e+00,-6.117262296848955394e+00,1.345320115225814206e+01,2.102114240554126567e+01,-4.152812471134729400e+00,5.044875912492183256e-02,2.642658419462623343e+01,-6.573018074305098324e+00
2.975297438521160576e-01,1.404507073906392733e+00,2.155635896094644899e+00,1.459538845524726902e+00,-5.476557361920242784e+00,-7.587896464149850750e+00,1.407757379513382823e+01,2.092239385628140624e+01,-3.865352198589352639e+00,-5.707071567460100803e-02,2.646177783026627139e+01,-5.261637420612739646e+00
3.010394039016512924e-01,1.439803520510122503e+00,2.128278021741070614e+00,1.407934669404068417e+00,-5.473746962290891638e+00,-7.602921333349699218e+00,1.410987993102367888e+01,2.094111331979538448e+01,-3.855436827466844019e+00,-1.222445790459353310e-01,2.652966365811251492e+01,-5.288334550041144055e+00
7.997207829688913749e-01,2.296571503722460328e+00,3.726434466996351613e+00,-9.797790673605303313e-01,-7.946447246635829131e+00,-7.117802247229559676e+00,1.745997708778399726e+01,2.226531987235799193e+01,-4.156046846537265083e+00,9.840590720707224903e-02,2.633670238516975814e+01,-7.624337565612084866e+00
1.220709175100277655e+00,1.498066605726936062e+00,3.810258125028675114e+00,1.387386686907716049e+00,-8.292648079406447437e+00,-4.921424660316015220e+00,1.618818136759421833e+01,2.005933816402156822e+01,-3.509179634340135578e+00,-4.597816219537108340e-02,2.720661095418101638e+01,-4.775923004249110093e+00
1.065446053095947310e+00,9.188714452680672995e-01,3.880151834546362810e+00,1.422320047095868345e+00,-8.404622667241325118e+00,-5.270829250698010782e+00,1.646086589510223774e+01,2.045223125948288612e+01,-2.974691619060158665e+00,-1.216641834477785400e+00,2.708089879693642388e+01,-4.181209180598921549e+00
7.063207719563473486e-01,1.408296567259949894e+00,2.103994827693335345e+00,8.128716553111747789e-01,-7.187126547737541671e+00,-7.973954962663524881e+00,1.530110484222253220e+01,2.142575221742759695e+01,-3.158932755218009980e+00,-5.368017461715036687e-01,2.630235143126667197e+01,-7.068579348675500640e+00
3.241291963265767184e-01,6.496455030510269735e-01,2.155980041466173613e+00,2.813257554756063872e+00,-5.665613203423310651e+00,-3.347247869996611835e-01,1.518708960467819225e+01,2.403382994046621945e+01,-6.462102573215682710e+00,-2.994586419762218288e+00,2.424336870358699514e+01,-2.593966068669764091e-01
1.124887769246384117e+00,2.577514999984214850e+00,4.399252408377117618e+00,-3.040886105259154037e-01,-5.387624860815911632e+00,-8.151090751404259649e+00,2.105196468413792843e+01,2.045383687316698129e+01,-6.164509148228848545e+00,-2.760450062601976118e+00,3.047213694292424435e+01,-5.886805766975516718e+00
6.152949436466291777e-01,2.386129743846877371e+00,3.765158300589890761e+00,1.484991213674382582e+00,-7.053162172519828133e+00,-9.110853295275646246e+00,1.981739969310017102e+01,2.046368815999333890e+01,-7.292124614953556794e+00,-2.204471052719845670e+00,2.970538728809199114e+01,-5.887165404406754732e+00
3.326578558789616835e-01,6.612239661576904126e-01,2.100046979270982384e+00,2.783488110469785504e+00,-5.661439821690617435e+00,-2.962159313476705469e-01,1.521265945801227026e+01,2.409882993402499096e+01,-6.546304228247523227e+00,-3.044677223336785588e+00,2.423753109220204749e+01,-3.118297727426621591e-01
2.895043998958097831e-01,1.462345797000990100e+00,2.091841176102965161e+00,1.386072440123661931e+00,-5.421886966562789567e+00,-7.574730883390625280e+00,1.410834704591581712e+01,2.085816130828705539e+01,-3.801388766014732301e+00,-4.729056757718208548e-02,2.648358361096402547e+01,-5.257649417162514993e+00
7.179889887653644331e-01,1.422079455051785013e+00,3.484459186813324116e+00,2.860128961338124221e+00,-9.765446880958853271e+00,-7.996009369333685335e+00,1.871619347884880824e+01,1.918872624256353276e+01,-5.218676946218292478e+00,-2.273442619474451920e+00,2.833434480378466702e+01,-5.878545892315888644e+00
6.979935654576154835e-01,2.754257588176362681e+00,2.117539674899802549e+00,1.238741246809686780e+00,-6.594272405887410038e+00,-6.668371527612290350e+00,1.317915204844000776e+01,2.067508589820019438e+01,-3.965403084210692874e+00,-4.896866857609868395e-01,2.695272587635874473e+01,-5.880497506170017097e+00
7.134536889167500950e-01,9.073801743321876501e-01,2.120384080000386362e+00,2.799999794926468777e+00,-5.316610302874186900e+00,3.406479840606004839e-01,1.494069267802115419e+01,2.419475547354812406e+01,-6.087070541488107445e+00,-2.263473841861439073e+00,2.489404124710878108e+01,-6.145499794827868900e-01
1.264861632551473436e+00,1.496713125717439530e+00,3.646758811155520696e+00,2.712790513337955733e+00,-9.607366196370161759e+00,-7.737783886430834812e+00,1.969309789411925493e+01,1.868789701758792887e+01,-3.532438345277494118e+00,-2.169502534486206002e+00,2.830385538759136921e+01,-5.792338307904033812e+00
7.022753562048071885e-01,9.042657622722968247e-01,2.103644844880086406e+00,2.808092390801526506e+00,-5.345166055546649808e+00,3.224081266148891567e-01,1.496628723051862053e+01,2.416338563650042914e+01,-6.087338210614480438e+00,-2.245131272985193327e+00,2.495537684623871044e+01,-6.040337266346328393e-01
1.165949650432041018e+00,2.655780995936167344e+00,2.061483537690534718e+00,1.424040102114896955e+00,-6.706161270746841652e+00,-6.114332397271742714e+00,1.344862806657165599e+01,2.093695292318840018e+01,-4.189305212107192311e+00,5.442836931064351513e-02,2.642547070841567702e+01,-6.564043216439385375e+00
6.964681589522344618e-01,2.409092677477932209e+00,3.858495400468357150e+00,1.426366561053651782e+00,-7.656030660127075116e+00,-8.796505721572614789e+00,1.966048453780579308e+01,2.118624302251779312e+01,-6.778036794375196017e+00,-2.385361008586452058e+00,2.923011027237113524e+01,-6.157590945010818828e+00
1.397206802420361216e+00,2.462919350487906556e+00,3.699004746344429329e+00,1.901949720367515639e-03,-5.804726913346391903e+00,-8.833397816811917380e+00,2.170162458463310529e+01,2.087700056607346966e+01,-6.540954429208495569e+00,-3.605396729557531543e+00,3.145772758871041219e+01,-5.821666236913262793e+00
1.386273208730315787e+00,1.408071450003234970e+00,4.193093912533214507e+00,2.884634327524901565e+00,-8.956542908297114636e+00,-7.585207058557839055e+00,1.948257453690958130e+01,1.852854118948183526e+01,-3.644751839003374183e+00,-1.982663534555513252e+00,2.797113898763545947e+01,-5.631973401270411017e+00
1.154299235821081515e+00,2.428192985845313068e+00,3.969847768601444393e+00,1.836502382818155699e+00,-7.255969789104188550e+00,-8.327395481746975747e+00,1.905746197766594108e+01,2.008766889287835866e+01,-5.593597513849189795e+00,-1.636299164063123479e+00,2.936209855872517949e+01,-5.798447373904680013e+00
1.190414844246628245e+00,1.411132043171538841e+00,3.803342490532083175e+00,1.465518453815074729e+00,-8.341144908840901095e+00,-5.108837042424793751e+00,1.629600253596947823e+01,2.016325371662875909e+01,-3.314986887030976437e+00,-6.650756427551596239e-02,2.731271496122539233e+01,-4.736524051757967868e+00
7.021047094582157921e-01,9.072347661575130839e-01,2.106030015236706632e+00,2.808741158278209582e+00,-5.346401386788928178e+00,3.228499341559535885e-01,1.496716919823582614e+01,2.416822756741304445e+01,-6.085377762260288037e+00,-2.243476836866546087e+00,2.495506578329213454e+01,-6.042421047356454356e-01
1.158086161028734740e+00,1.385851855887916040e+00,2.103645763816836212e+00,-2.556841830439325891e-01,-5.672681718991552380e+00,-8.189778618192105952e+00,1.604847453679769842e+01,2.048229857717938884e+01,-5.400063123760426853e-01,-1.722573647968218324e+00,2.696173475024337662e+01,-8.084211122758869772e-01
7.096302618344683122e-01,8.087626355098044284e-01,3.840415158932295459e+00,1.340159599672339219e+00,-8.560582130555422609e+00,-6.877812861832482305e+00,1.676718236038451337e+01,1.942144147529634068e+01,-4.118251599188265999e+00,-1.017869341924211746e+00,2.870095446408803852e+01,-5.985225706341474883e+00
7.021035864338897037e-01,3.979432543488389262e-01,2.238586351740567526e+00,3.027782139109647108e+00,-5.771137993440723868e+00,1.633169098017666909e-01,1.510919342575621194e+01,2.392656332092003169e+01,-5.875645408927306690e+00,-2.029437372520666916e+00,2.415795651816844369e+01,4.801974856839004713e-01
7.041567371810004694e-01,2.315117877785224820e+00,4.816848728137747671e+00,-5.046064453377862025e-01,-8.297976556199527565e+00,-7.093743568385972864e+00,1.904234117069043108e+01,2.124166589489246704e+01,-5.038960301398815567e+00,-3.069866190245811310e-01,3.019606603520779231e+01,-8.497818055435107709e+00
1.166718801110405268e+00,2.485888162530276446e+00,2.099938011497334500e+00,-1.267393890166229165e+00,-6.879446465578487491e+00,-6.628756266025749078e+00,1.363553729200524423e+01,2.067053996682610162e+01,-5.333793413922795601e+00,-6.866093072684802123e-02,2.550827157313389648e+01,-4.999425544161986146e+00
6.868597646280980573e-01,2.376104211901379770e+00,3.753286472714832289e+00,1.488406099344646405e+00,-7.163783538613416546e+00,-8.980948198033999574e+00,1.939972933736083505e+01,2.057446498460588913e+01,-7.271920163838321294e+00,-2.320688864244252692e+00,2.964844676686708169e+01,-6.113196510366200265e+00
1.157411142073623500e+00,1.398616180266797349e+00,2.092656082926824368e+00,-2.434200974283151353e-01,-5.719304577270893475e+00,-8.227457950756972949e+00,1.609795732132719337e+01,2.051460798866995106e+01,-5.512696636152880636e-01,-1.803005801204887293e+00,2.701331727222562762e+01,-7.816290165675193746e-01
7.060359804224994873e-01,9.055614160035545535e-01,2.099998880102318832e+00,2.805244810201793282e+00,-5.348957458620731131e+00,3.223553717644110916e-01,1.497624691791250129e+01,2.417776668688319219e+01,-6.090360791839386501e+00,-2.248127737925901926e+00,2.495278297930332201e+01,-6.050438352260326669e-01
4.558418070954063372e-01,1.407473913427321754e+00,2.091856863164733404e+00,1.500063656501513965e+00,-5.736562579694783892e+00,-7.236738090148548075e+00,1.398755139062796893e+01,2.064662055942898888e+01,-3.891533128143053410e+00,2.963571277849280650e-02,2.732154215117401108e+01,-5.542030864904380572e+00
1.237554188023866519e+00,2.525432118077006294e+00,4.348127587548630046e+00,1.939524229348198181e-03,-5.438824956354350704e+00,-8.220875989106287918e+00,2.110173974032074540e+01,2.048942596046362041e+01,-6.271005421661636881e+00,-2.816330734380281253e+00,3.061025669062555465e+01,-5.884703843602210327e+00
1.158465714308219541e+00,1.496929639743626028e+00,3.856718886145950709e+00,1.369607373901134517e+00,-8.292900507584700875e+00,-5.324577319674587805e+00,1.632962222870585478e+01,2.008256973028733228e+01,-3.249986090538608874e+00,-2.040899938010506398e-01,2.723094365608536549e+01,-5.022607297416755046e+00
1.142172148826867906e+00,1.111697689888865748e+00,4.322458336162422476e+00,2.989338256824420004e+00,-8.365371880958695883e+00,-7.591607160191252035e+00,1.906695893855499691e+01,1.859975522655370739e+01,-3.618284405026504391e+00,-8.937815298132618658e-01,2.756659600158508638e+01,-5.357781074090737228e+00
1.225288459907217353e+00,2.566321215686214074e+00,4.196810919614542001e+00,7.091191079513822770e-02,-5.593003590264546965e+00,-8.209936838287628547e+00,2.102351927838356360e+01,2.051185437731404804e+01,-6.624420870134662742e+00,-2.750127042306571123e+00,3.075099197495174863e+01,-6.075081599898262574e+00
1.082901468670183442e+00,1.430773563501616774e+00,4.065078641870412568e+00,1.421257884432621355e+00,-8.495920497013395689e+00,-5.354160909827143655e+00,1.628086730493193102e+01,2.014329224172604782e+01,-3.399490596253637698e+00,-3.092077960210888321e-01,2.721454530556212958e+01,-5.192831264449949025e+00
1.228522923920527754e+00,2.513470162845498734e+00,2.038127547432030173e+00,1.443062594188204928e+00,-7.015899358075070147e+00,-6.170381881802777357e+00,1.335369431682101116e+01,2.115119080953315134e+01,-4.400855112047706186e+00,-5.966349278490795660e-02,2.677489761020803982e+01,-6.463429085749889502e+00
4.527805319828911434e-01,1.406013171169115950e+00,2.088137421158251072e+00,1.503882971352284992e+00,-5.735788751678909669e+00,-7.240565373077246569e+00,1.398367888383278235e+01,2.065596170484490557e+01,-3.887257798548957144e+00,1.988753540909845435e-02,2.734489553475264501e+01,-5.550158513717712516e+00
1.204065292335368742e+00,1.391241659835789957e+00,4.561753518114981532e+00,3.009799939389301571e+00,-8.387760810269595524e+00,-8.112994142451331214e+00,1.907647297331712366e+01,1.847244366076421684e+01,-2.974579221098399451e+00,-7.352637789192209006e-01,2.669508353363285735e+01,-5.410019285691626933e+00
1.158338033533844458e+00,2.493836336362464490e+00,2.102590162132717655e+00,-1.274704883485066276e+00,-6.891136258775929946e+00,-6.632612587263869486e+00,1.364594687364564685e+01,2.068627050089490993e+01,-5.345119420417869804e+00,-6.558347917563622786e-02,2.551733680666702142e+01,-4.998309146549225090e+00
1.157757370520046791e+00,1.398403474613581832e+00,2.100660461955934810e+00,-2.509110738261431384e-01,-5.670472165287112176e+00,-8.193999202703727391e+00,1.605271086736907549e+01,2.048948879624517971e+01,-5.441475052916455724e-01,-1.730563904611330361e+00,2.696917520738851337e+01,-8.073409940643755389e-01
7.101855808242621970e-01,8.934516292602097121e-01,2.102278350002089624e+00,2.814474575072945850e+00,-5.342505277014668152e+00,3.235527884056854098e-01,1.496701369710814333e+01,2.419332558487457163e+01,-6.100354678368243633e+00,-2.251656659822856010e+00,2.495143408792581141e+01,-6.110922970936156773e-01
1.160192416075048749e+00,1.386830241621379134e+00,2.100001738319630995e+00,-2.560228616458701811e-01,-5.665478805181130006e+00,-8.196428891596736932e+00,1.605118355249308593e+01,2.048691769948904096e+01,-5.401536495241385794e-01,-1.725386340814420549e+00,2.696076883190196227e+01,-8.095048629589085554e-01
7.155930545878083082e-01,1.395704057356046857e+00,3.468693834283935740e+00,2.877103772969622053e+00,-9.840197654502160773e+00,-8.046117154565246565e+00,1.890985086776644053e+01,1.918637294107274016e+01,-5.245633352506979818e+00,-2.291571970125320767e+00,2.826968970393717839e+01,-6.032900558653379264e+00
4.531757221475748998e-01,8.255228935231638809e-01,2.085494766200031158e+00,2.830548583420683162e+00,-5.752216752283543677e+00,-4.987351605247680730e-01,1.496405066103411485e+01,2.429394081105398939e+01,-6.712056482464100249e+00,-3.181131608066397831e+00,2.440651521267268720e+01,-2.577311035331860123e-01
3.248123190973672969e-01,6.491015428565496403e-01,2.148276802438727984e+00,2.816478712131563089e+00,-5.672298897122547423e+00,-3.403911050227359514e-01,1.519010126808006333e+01,2.403896388878433754e+01,-6.470991195097478332e+00,-3.004512488671003290e+00,2.424634574232984008e+01,-2.571683739798331647e-01
1.157554661530044049e+00,1.395727440200028813e+00,2.093789516154239472e+00,-2.468807374400668053e-01,-5.718140479654377550e+00,-8.232773702325566489e+00,1.610280741664833215e+01,2.051711132385700864e+01,-5.505709263921259033e-01,-1.808382466263422028e+00,2.700711708656136878e+01,-7.823524076436011443e-01
6.976578786814450206e-01,1.405457435624053897e+00,4.877612588480208622e+00,2.896679157200354737e+00,-7.684371162691900459e+00,-6.305342107532000639e+00,1.670595175006221211e+01,2.068454253387347208e+01,-5.028149929846877697e+00,-1.388612594971134762e+00,2.564448495617257606e+01,-7.254666999717608533e+00
1.157781225649740175e+00,1.398636920178328191e+00,2.093470925287103324e+00,-2.427799233471141238e-01,-5.718900218889557685e+00,-8.227589653508831091e+00,1.609808292365907789e+01,2.051519573218719827e+01,-5.519071542378657380e-01,-1.803456458352513003e+00,2.701302929921726204e+01,-7.815519857490454969e-01
1.153987478003668299e+00,8.309762266529243657e-01,3.572865783997243305e+00,1.372993661846860780e+00,-8.126308104706104984e+00,-5.314498867015513106e+00,1.594066687165104845e+01,2.116462108906189243e+01,-3.012725358490472072e+00,-5.495763147903151014e-01,2.748268125105589377e+01,-2.795127896671135481e+00
1.177173416554439855e+00,2.491831217939691978e+00,2.060667990425136153e+00,1.308200224858324656e+00,-6.919644708016932100e+00,-6.089198645729459791e+00,1.334156073038268886e+01,2.119914388684553685e+01,-4.380687992035017686e+00,-2.059104271486549564e-01,2.661191244992717486e+01,-6.646855694995412733e+00
1.168435019073625014e+00,1.406623809983871931e+00,3.758103431501357061e+00,1.310893184090921260e+00,-8.883558624397315029e+00,-5.658570580767666947e+00,1.680679858452185726e+01,2.044015083477621175e+01,-3.438462455900010983e+00,-4.969313687757774267e-01,2.794637363446248912e+01,-5.012749994252760466e+00
4.527790574845868554e-01,8.222723171631127759e-01,2.080262874068929513e+00,2.825714055482094089e+00,-5.799182555742089740e+00,-5.101517463287029708e-01,1.499352482641648088e+01,2.429054391533107093e+01,-6.671688143576549379e+00,-3.152604007803913255e+00,2.441290220531518784e+01,-2.414713576658750471e-01
1.113449591260448512e+00,1.005836225051333743e+00,3.798727721203324581e+00,1.441284973344092002e+00,-8.436099544510208048e+00,-5.340044361469040268e+00,1.645292890834594246e+01,2.053362345806791822e+01,-3.082911825580137322e+00,-1.183785385201519436e+00,2.707129135937024955e+01,-4.198422418094974518e+00
1.159121159346704122e+00,1.386201135432430398e+00,2.097957473336206746e+00,-2.564919182186922719e-01,-5.664901668969364756e+00,-8.193938332620831488e+00,1.605052243901387854e+01,2.048467999020819263e+01,-5.377803585664998609e-01,-1.721042924312206290e+00,2.695856783744272889e+01,-8.076287903177262750e-01
1.150480792429265042e+00,9.407552449925253857e-01,3.566530946126518664e+00,1.398154234165540855e+00,-8.271841012162026274e+00,-5.509907763821431992e+00,1.604237899586913230e+01,2.145913824827757210e+01,-3.018797006548760375e+00,-8.821528453359658295e-01,2.751441982852650270e+01,-2.968854573817488518e+00
7.819452058489398949e-01,2.301662052937358371e+00,3.706878907954843427e+00,-9.865876824730490657e-01,-7.858999115860039630e+00,-7.096142429052661349e+00,1.743400410382487564e+01,2.228485272841566811e+01,-4.090409757618664877e+00,2.020596515320374487e-01,2.635309911663524574e+01,-7.550013030782300127e+00
1.157411932040163682e+00,1.397599329018749170e+00,2.090655240650897806e+00,-2.450488879007117482e-01,-5.718321076636676104e+00,-8.229797358577972233e+00,1.610071569393790369e+01,2.051938957218828818e+01,-5.509768038251556810e-01,-1.809217031578239876e+00,2.701234513636103429e+01,-7.802540318281950826e-01
7.026283133966017003e-01,2.309158484773209619e+00,4.805850879570087386e+00,-5.092255721544890479e-01,-8.301148523533420587e+00,-7.087539804250686970e+00,1.903710836867817946e+01,2.123261198740047107e+01,-5.031558680176322795e+00,-3.069805655115795950e-01,3.020941971389027003e+01,-8.503374193583368879e+00
7.022511709472265551e-01,7.797049301475844629e-01,3.902232390698750830e+00,1.288550894081286424e+00,-8.599792673520624930e+00,-6.998665273739483439e+00,1.683129204813943502e+01,1.943274667786032595e+01,-4.013853151818802090e+00,-1.094012553725919767e+00,2.871170628320760443e+01,-6.004793533700519603e+00
7.021304394051124387e-01,1.404784329159223466e+00,2.107060897751844575e+00,8.032079349348051345e-01,-7.187450715468505003e+00,-7.969049067258607622e+00,1.530093038489034463e+01,2.142167425493245858e+01,-3.165320037450454649e+00,-5.364904803911592079e-01,2.630176280431096814e+01,-7.072694392521433393e+00
7.139942009862464412e-01,2.315934182573236466e+00,3.801349898078175915e+00,1.444388371927332049e+00,-7.241316559528994112e+00,-8.634547570236211556e+00,1.931180146140319920e+01,2.035091660856747708e+01,-7.165275421701392311e+00,-2.299064432921140266e+00,2.934867533938245643e+01,-5.716387536391098756e+00
7.025262868736424915e-01,9.074202640480441007e-01,2.105676061269600385e+00,2.808681973705128954e+00,-5.346402191608188303e+00,3.229373214136378456e-01,1.496717419232068735e+01,2.416788594760258846e+01,-6.085629204829106520e+00,-2.243430991643346584e+00,2.495517716474073211e+01,-6.038960498077223793e-01
1.165789571684333392e+00,2.486340770472388773e+00,2.102890281094506708e+00,-1.265899612254347550e+00,-6.885029845348656252e+00,-6.632450734357058231e+00,1.363778892438953960e+01,2.068223338165214997e+01,-5.335298707315220490e+00,-7.505869737138641529e-02,2.550631175795377104e+01,-5.005145735183166522e+00
4.521334968749159966e-01,8.132662819340786831e-01,2.065702887174299285e+00,2.808634910446168309e+00,-5.767327687031149175e+00,-5.003490217363313342e-01,1.493410250388295779e+01,2.426175171147106724e+01,-6.700445637454929937e+00,-3.199591936842992368e+00,2.439368914484812834e+01,-2.578606307569970557e-01
1.155666582861889058e+00,1.401324282053813652e+00,2.100122756170055283e+00,-2.553869366814233155e-01,-5.669242782830536065e+00,-8.191484607153846298e+00,1.605358274837974264e+01,2.049129816744207488e+01,-5.472147160859268666e-01,-1.730249740295635608e+00,2.697149765825140122e+01,-8.056218269054536973e-01
7.100314474352756866e-01,9.045454296792709847e-01,2.113295052004239061e+00,2.805318014395168369e+00,-5.317135729984751258e+00,3.396910690345320560e-01,1.494320559122789938e+01,2.419319398314422287e+01,-6.087272371503211765e+00,-2.264601231317916241e+00,2.489256968102366230e+01,-6.199303711444396070e-01
1.157705112727277941e+00,1.399999105843586999e+00,-1.524853274247579771e+00,-6.383902256027983668e+00,-6.073231881045146885e+00,-2.897401285316325126e+00,1.666428861199396749e+01,2.160902035923202291e+01,-6.418514832878785548e+00,-7.700839680956878652e+00,2.236986395413926942e+01,-4.228245397873040545e+00
7.020768742766845261e-01,1.404842144056000164e+00,2.107182809408326918e+00,8.050073812198147438e-01,-7.182782133964775717e+00,-7.968379812436617193e+00,1.529838567212587286e+01,2.141909843458697793e+01,-3.163476557085479701e+00,-5.372309591946994312e-01,2.629951814458143389e+01,-7.068269994588406213e+00
4.781879392448721844e-01,8.303565909306177550e-01,2.097190306444733032e+00,2.829894978562473629e+00,-5.787212340870459215e+00,-4.956028238385738471e-01,1.502269890531666263e+01,2.430400090764042176e+01,-6.669782749374724595e+00,-3.168979604612781387e+00,2.440188340450592008e+01,-2.632238021419303076e-01
1.226231021569104573e+00,2.516221233011343816e+00,4.361600084090464513e+00,-6.505719904828013989e-02,-5.385056937288405621e+00,-8.370224563485759717e+00,2.124160625476620723e+01,2.059974726180450588e+01,-6.311681264955246284e+00,-2.948101909002854182e+00,3.077029257752219138e+01,-6.053091582904724710e+00
1.162963336512237378e+00,2.680940035093793750e+00,2.093415523818628277e+00,1.455834415400251602e+00,-6.643650746675892727e+00,-5.973606431177156395e+00,1.346456889631832965e+01,2.110941190756500063e+01,-4.080269032036103027e+00,-3.554442464529786183e-02,2.634557851202025702e+01,-6.617451233137381372e+00
7.024726196432773406e-01,1.408773766581388198e+00,3.646701192806308001e+00,1.656713935423068662e+00,-7.303031299781392427e+00,-8.355844278971963135e+00,1.564509523365304844e+01,2.032935297883956594e+01,-4.844943123627380999e+00,-1.360756977127395961e+00,2.909319068132288066e+01,-5.613016629684759451e+00
3.371352067883594539e-01,6.227085085818970800e-01,2.093865605636501481e+00,2.799993683659824040e+00,-5.687537459141391416e+00,-3.153722553853526289e-01,1.520413072068952687e+01,2.408434826135127338e+01,-6.510965607835085933e+00,-3.035445183723380236e+00,2.421586446642093904e+01,-3.346777656065193507e-01
1.166754440863247311e+00,1.458241951449986029e+00,3.869466086271340366e+00,1.310190967381222427e+00,-8.278266029143409810e+00,-5.452564338737582617e+00,1.636152464915872429e+01,2.008289118712202281e+01,-3.244614888938096353e+00,-1.958323696763783484e-01,2.730907304700944849e+01,-4.998882616734287687e+00
7.020111748441187904e-01,2.297355083044707591e+00,3.893432978837397584e+00,1.494180465568839988e+00,-7.471442559829309715e+00,-8.845555346479853753e+00,1.951604811533282913e+01,2.111027489938978263e+01,-6.837603236479282920e+00,-2.227924438267468332e+00,2.908822906337881165e+01,-6.187997989933794685e+00
1.148959702419282580e+00,2.701329272059071585e+00,2.133995059185830545e+00,1.441251485954478717e+00,-6.584232326708038485e+00,-5.977618318897857996e+00,1.346147080503053317e+01,2.119916389122089129e+01,-4.172728256433913430e+00,1.108165363081354583e-02,2.636472202626327643e+01,-6.658624604938927050e+00
1.395952690915225558e+00,1.371464259440619227e+00,4.246033973772380676e+00,2.913795843215996495e+00,-8.821970342491983530e+00,-7.800430756395853926e+00,1.904501503700908316e+01,1.823101309861720054e+01,-3.406254097035001926e+00,-1.513624061341411586e+00,2.769857551037363663e+01,-5.517663138902664244e+00
7.019637820418379581e-01,1.401566993475757750e+00,4.876355842058016421e+00,2.891201708001986503e+00,-7.692671003718150935e+00,-6.309771095725269952e+00,1.670622822387655049e+01,2.069152826483417229e+01,-5.028781910319953141e+00,-1.397021432711035960e+00,2.564302062321538145e+01,-7.260114196763381322e+00
1.611320550052980138e+00,-5.523530800627157733e-01,-2.799543994886767528e+00,-5.346453670123543667e+00,-4.230264915312303309e+00,-2.784777044957981840e+00,1.507066151547418009e+01,2.061428493258891237e+01,-7.273573888718798841e+00,-6.030161005089916593e+00,2.300678154323803426e+01,-3.684467225878313990e+00
1.165710704209271809e+00,2.537216964397460917e+00,4.387093896187236552e+00,-3.941175275709855180e-02,-5.359688469095679864e+00,-8.206444074908398889e+00,2.109445123602219141e+01,2.047322742469768642e+01,-6.309920250641422257e+00,-2.826896893017460055e+00,3.055156147322613336e+01,-5.992816728237395196e+00
4.593178286115757736e-01,8.204574112661885410e-01,2.093160913330347039e+00,2.840892887232568054e+00,-5.792032621524329628e+00,-5.271477275809529628e-01,1.497024530476103088e+01,2.426263575228452396e+01,-6.651106914631509603e+00,-3.154337495744043096e+00,2.440787216276842386e+01,-2.666944441563273149e-01
6.999999996177828088e-01,1.416013913475945518e+00,3.772301293819292578e+00,-7.969028773629049933e-01,-6.602837464684464308e+00,-8.750270229740785055e+00,1.680584891075976728e+01,2.037792759841389056e+01,-2.816015966505327039e+00,-1.295191795986072814e+00,2.764099926919664441e+01,-5.446324591929520009e-01
6.956954045196180880e-01,2.321252064828645434e+00,3.705507449003297982e+00,1.522684038894927649e+00,-7.006116891000362834e+00,-9.101874487797008584e+00,1.986378782457343917e+01,2.046337977111936723e+01,-7.247309513075754772e+00,-2.277465965136871606e+00,2.972576549974687765e+01,-5.857207540488539088e+00
1.182695763720240656e+00,2.537665941289437566e+00,1.981715333942176693e+00,1.527802571186084313e+00,-7.061024766368669603e+00,-6.178986580199702594e+00,1.333223722992406657e+01,2.117484661909727706e+01,-4.328360288629267139e+00,-8.427517888755567399e-02,2.677958191352194817e+01,-6.485472487021702648e+00
1.155802641380791140e+00,1.401633314975901268e+00,2.100447304551290362e+00,-2.551314564847048105e-01,-5.667952491893601064e+00,-8.190086789648869825e+00,1.605298930006040692e+01,2.049102560937535600e+01,-5.475849493017344027e-01,-1.729601550010939404e+00,2.697282699695306718e+01,-8.036975605346685647e-01
7.020000639978711821e-01,1.395999295432095222e+00,2.090267389402269860e+00,2.312056134798369023e+00,-6.098074214456375763e+00,4.532260741855648201e-01,1.405148239970126767e+01,2.471917967621975620e+01,-7.487404338101528722e+00,-3.822490914734388845e+00,2.421233291454711534e+01,-1.523692294496034938e+00
7.026740790787718849e-01,1.400000540750229172e+00,4.875695782752560881e+00,2.888883932963694168e+00,-7.695141396287843882e+00,-6.311422697839352836e+00,1.670626371832351609e+01,2.069363629005696126e+01,-5.028802124451437372e+00,-1.400881917617943451e+00,2.563998180382917980e+01,-7.260399752865845713e+00
1.156236575858143212e+00,1.387215749729941106e+00,2.102169149198866993e+00,-2.569695689263852834e-01,-5.677024804537419200e+00,-8.191249604124314132e+00,1.604930342674190413e+01,2.048214174092256457e+01,-5.427956824113220335e-01,-1.725446857632666919e+00,2.696158079015251019e+01,-8.073922703634496267e-01
1.159278655376001721e+00,1.335363535446044025e+00,3.754378312800049411e+00,2.465099889083495199e+00,-8.894758705967277024e+00,-7.750792066312460094e+00,1.953430052212204160e+01,1.838445755313669849e+01,-3.410275347533605395e+00,-1.914961203120369992e+00,2.817062402900015883e+01,-5.803097592483569045e+00
7.880244748375689889e-01,2.320714581823619671e+00,3.725670940899965089e+00,-1.010847033493645242e+00,-7.918865167149519380e+00,-7.139533319898260011e+00,1.749094115271931926e+01,2.226684312705470958e+01,-4.160249508173459176e+00,1.450759198264969796e-01,2.637545652546097230e+01,-7.615256512835710367e+00
1.156890172179856124e+00,2.528818439525041040e+00,2.106041508781493654e+00,1.354038314564639967e+00,-6.916386592285042489e+00,-6.284760848258197363e+00,1.343699140471835562e+01,2.120020447726649238e+01,-4.338977134407098646e+00,-2.652060159860925026e-01,2.668910949096688867e+01,-6.664636994632697764e+00
7.259188380760283055e-01,2.236732792610932830e+00,3.611874117980271137e+00,1.601801734001133237e+00,-7.197683477261088925e+00,-9.015724017845927918e+00,1.986320877492672210e+01,2.036690058860144958e+01,-7.228191833314998149e+00,-2.063617439584908730e+00,2.982244741820514378e+01,-5.895806448296881719e+00
